{
  "classname": "CCNode",
  "name": null,
  "canedit": true,
  "objecttag": 10000,
  "rotation": 0,
  "scalex": 1,
  "scaley": 1,
  "visible": 1,
  "x": 0,
  "y": 0,
  "zorder": 1,
  "gameobjects": [
    {
      "__type": "ComGameObjectSurrogate:#EditorCommon.JsonModel",
      "classname": "CCNode",
      "name": null,
      "canedit": true,
      "objecttag": 10012,
      "rotation": 0,
      "scalex": 1,
      "scaley": 1,
      "visible": 1,
      "x": 0,
      "y": 0,
      "zorder": 1,
      "gameobjects": [
        {
          "__type": "ComGameObjectSurrogate:#EditorCommon.JsonModel",
          "classname": "CCNode",
          "name": null,
          "canedit": true,
          "objecttag": 10013,
          "rotation": 0,
          "scalex": 1,
          "scaley": 1,
          "visible": 1,
          "x": 0,
          "y": 0,
          "zorder": 1,
          "gameobjects": [],
          "components": [
            {
              "__type": "ComSpriteSurrogate:#EditorCommon.JsonModel.Component",
              "classname": "CCSprite",
              "name": "CCSprite",
              "file": null,
              "fileData": {
                "path": "",
                "plistFile": "",
                "resourceType": 0
              }
            }
          ]
        },
        {
          "__type": "ComGameObjectSurrogate:#EditorCommon.JsonModel",
          "classname": "CCNode",
          "name": null,
          "canedit": true,
          "objecttag": 10014,
          "rotation": 0,
          "scalex": 1,
          "scaley": 1,
          "visible": 1,
          "x": 0,
          "y": 0,
          "zorder": 1,
          "gameobjects": [],
          "components": [
            {
              "__type": "ComSpriteSurrogate:#EditorCommon.JsonModel.Component",
              "classname": "CCSprite",
              "name": "CCSprite",
              "file": null,
              "fileData": {
                "path": "",
                "plistFile": "",
                "resourceType": 0
              }
            }
          ]
        }
      ],
      "components": [
        {
          "__type": "ComGUIAdapterSurrogate:#EditorCommon.JsonModel.Component",
          "classname": "GUIComponent",
          "name": "GUIComponent",
          "file": null,
          "fileData": {
            "path": "publish/house_1.json",
            "plistFile": "",
            "resourceType": 0
          }
        }
      ]
    },
    {
      "__type": "ComGameObjectSurrogate:#EditorCommon.JsonModel",
      "classname": "CCNode",
      "name": null,
      "canedit": true,
      "objecttag": 10018,
      "rotation": 0,
      "scalex": 1,
      "scaley": 1,
      "visible": 0,
      "x": 0,
      "y": 0,
      "zorder": 1,
      "gameobjects": [],
      "components": [
        {
          "__type": "ComGUIAdapterSurrogate:#EditorCommon.JsonModel.Component",
          "classname": "GUIComponent",
          "name": "GUIComponent",
          "file": null,
          "fileData": {
            "path": "publish/meng_1.json",
            "plistFile": "",
            "resourceType": 0
          }
        }
      ]
    },
    {
      "__type": "ComGameObjectSurrogate:#EditorCommon.JsonModel",
      "classname": "CCNode",
      "name": null,
      "canedit": true,
      "objecttag": 10017,
      "rotation": 0,
      "scalex": 1,
      "scaley": 1,
      "visible": 1,
      "x": 1480.8505859375,
      "y": 340.42544555664062,
      "zorder": 1,
      "gameobjects": [],
      "components": [
        {
          "__type": "ComArmatureAdapterSurrogate:#EditorCommon.JsonModel.Component",
          "classname": "CCArmature",
          "name": "CCArmature",
          "file": null,
          "fileData": {
            "path": "ani/1dog/1dog.ExportJson",
            "plistFile": "",
            "resourceType": 0
          },
          "isShowColliderRect": false,
          "selectedactionname": "beath"
        }
      ]
    },
    {
      "__type": "ComGameObjectSurrogate:#EditorCommon.JsonModel",
      "classname": "CCNode",
      "name": null,
      "canedit": true,
      "objecttag": 10016,
      "rotation": 0,
      "scalex": 1,
      "scaley": 1,
      "visible": 1,
      "x": 1161.70166015625,
      "y": 404.25518798828125,
      "zorder": 1,
      "gameobjects": [],
      "components": [
        {
          "__type": "ComArmatureAdapterSurrogate:#EditorCommon.JsonModel.Component",
          "classname": "CCArmature",
          "name": "CCArmature",
          "file": null,
          "fileData": {
            "path": "ani/NewAnimation/NewAnimation.ExportJson",
            "plistFile": "",
            "resourceType": 0
          },
          "isShowColliderRect": false,
          "selectedactionname": "wait1"
        }
      ]
    }
  ],
  "CanvasSize": {
    "_height": 1536,
    "_width": 2048
  },
  "Triggers": null,
  "Version": "1.6.0.0",
  "components": [
    {
      "__type": "ComSceneSurrogate:#EditorCommon.JsonModel.Component",
      "classname": "CCScene",
      "name": "CCScene",
      "scenename": "house_1_Scene"
    },
    {
      "__type": "ComSimpleAudioSurrogate:#EditorCommon.JsonModel.Component",
      "classname": "CCBackgroundAudio",
      "name": "CCBackgroundAudio",
      "file": null,
      "fileData": {
        "path": null,
        "plistFile": null,
        "resourceType": 0
      },
      "loop": 0
    }
  ]
}